ID,Date,Link,Country,State,District,Lon,Lat,Keyword,Source,WeekNumber,Type
1,01-01-20,https://www.iiwbr.org/wp-content/uploads/2020/03/Wheat-Crop-Health-Newsletter-February-2020.pdf,India,Uttar Pradesh,Fatehpur,80.7982,25.8779,yellow rust + 30ha,iiwbr newsletter,1,yellow rust
2,01-01-20,https://www.iiwbr.org/wp-content/uploads/2020/03/Wheat-Crop-Health-Newsletter-February-2020.pdf,India,Himachal Pradesh,Solan,76.8957,31.0466,yellow rust + 30ha,iiwbr newsletter,1,yellow rust
3,01-01-20,https://www.iiwbr.org/wp-content/uploads/2020/03/Wheat-Crop-Health-Newsletter-February-2020.pdf,India,Himachal Pradesh,Kangra,76.3022,32.1103,yellow rust + 30ha,iiwbr newsletter,1,yellow rust
4,08-01-20,https://www.tribuneindia.com/news/haryana/farmers-cautioned-on-yellow-rust-23748,India,Himachal Pradesh,Kangra,76.3022,32.1103,yellow+rust+stagnation+rain+25 lakh hectares+1.78 lakh hectares,tribuneindia,2,yellow rust
5,20-01-20,https://www.tribuneindia.com/news/few-takers-for-one-time-settlement-scheme-28553,India,Punjab,Rupnagar,76.4728,31.0625,pesticides+yellow+crop+large+area+rust,tribuneindia,4,yellow rust
6,20-01-20,https://www.tribuneindia.com/news/few-takers-for-one-time-settlement-scheme-28553,India,Punjab,Hoshiarpur,75.8446,31.6273,pesticides+yellow+crop+large+area+rust,tribuneindia,4,yellow rust
7,21-01-20,https://www.newindianexpress.com/nation/2020/jan/21/punjab-on-alert-as-marauding-locust-army-ravages-wheat-crop-in-rajasthan-2092520.html,India,Punjab,Rupnagar,76.4728,31.0625,neighbouring+pesticides+yellow+crop+large+area+rust,newindianexpress,4,yellow rust
8,21-01-20,https://www.newindianexpress.com/nation/2020/jan/21/punjab-on-alert-as-marauding-locust-army-ravages-wheat-crop-in-rajasthan-2092520.html,India,Punjab,Hoshiarpur,75.8446,31.6273,neighbouring+pesticides+yellow+crop+large+area+rust,newindianexpress,4,yellow rust
9,23-01-20,https://timesofindia.indiatimes.com/city/chandigarh/haryana-yellow-rust-hits-wheat-at-ambala-villages/articleshow/73555063.cms,India,Haryana,Ambala,76.9661,30.3585,yellow+rust+wh-711+hd2967+varieties+air-borne+old+seeds+propiconazole+WH-711+HD2967+8 acres,indiatimes,4,yellow rust
10,28-01-20,https://www.tribuneindia.com/news/haryana/yellow-rust-attack-sets-off-alarm-bells-in-hry-32738,India,Haryana,Ambala,76.9661,30.3585,wheat+yellow+rust+humid+karnal bunt+stripe+rust,tribuneindia,5,yellow rust
11,28-01-20,https://www.tribuneindia.com/news/haryana/yellow-rust-attack-sets-off-alarm-bells-in-hry-32738,India,Haryana,Yamunanagar,77.3303,30.2575,wheat+yellow+rust+humid+karnal bunt+stripe+rust,tribuneindia,5,yellow rust
12,29-01-20,https://timesofindia.indiatimes.com/city/gurgaon/another-case-of-yellow-rust-attack-reported-in-yamunanagar-village/articleshow/73738410.cms,India,Haryana,Ambala,76.9661,30.3585,mughalwali+village+yellow+rust+3-acres+hd-2967+variety+crop+naraingarh+propiconazole+HD2967,indiatimes,5,yellow rust
13,29-01-20,https://timesofindia.indiatimes.com/city/gurgaon/another-case-of-yellow-rust-attack-reported-in-yamunanagar-village/articleshow/73738410.cms,India,Haryana,Yamunanagar,77.3303,30.2575,mughalwali+village+yellow+rust+3-acres+hd-2967+variety+crop+naraingarh+propiconazole+HD2967,indiatimes,5,yellow rust
14,29-01-20,https://timesofindia.indiatimes.com/city/gurgaon/another-case-of-yellow-rust-attack-reported-in-yamunanagar-village/articleshow/73738410.cms,India,Haryana,Panchkula,76.9585,30.7101,mughalwali+village+yellow+rust+3-acres+hd-2967+variety+crop+naraingarh+propiconazole,indiatimes,5,yellow rust
15,29-01-20,https://timesofindia.indiatimes.com/city/gurgaon/another-case-of-yellow-rust-attack-reported-in-yamunanagar-village/articleshow/73738410.cms,India,Haryana,Kurukshetra,76.8297,30.0499,mughalwali+village+yellow+rust+3-acres+hd-2967+variety+crop+naraingarh+propiconazole,indiatimes,5,yellow rust
16,29-01-20,https://www.thehindu.com/news/national/other-states/yellow-rust-in-wheat-crop-causes-alarm-in-punjab-and-haryana/article30686820.ece,India,Punjab,Pathankot,75.6144,32.3027,yellow+rust+crop+drop+yield+minimum+temperature+insecticides+humid+sub-mountainous,thehindu,5,yellow rust
17,29-01-20,https://www.thehindu.com/news/national/other-states/yellow-rust-in-wheat-crop-causes-alarm-in-punjab-and-haryana/article30686820.ece,India,Punjab,Rupnagar,76.4728,31.0625,yellow+rust+crop+drop+yield+minimum+temperature+insecticides+humid+sub-mountainous,thehindu,5,yellow rust
18,29-01-20,https://www.thehindu.com/news/national/other-states/yellow-rust-in-wheat-crop-causes-alarm-in-punjab-and-haryana/article30686820.ece,India,Punjab,Hoshiarpur,75.8446,31.6273,yellow+rust+crop+drop+yield+minimum+temperature+insecticides+humid+sub-mountainous,thehindu,5,yellow rust
19,29-01-20,https://www.thehindu.com/news/national/other-states/yellow-rust-in-wheat-crop-causes-alarm-in-punjab-and-haryana/article30686820.ece,India,Haryana,Ambala,76.9661,30.3585,yellow+rust+crop+drop+yield+minimum+temperature+insecticides+humid+sub-mountainous,thehindu,5,yellow rust
20,29-01-20,https://www.thehindu.com/news/national/other-states/yellow-rust-in-wheat-crop-causes-alarm-in-punjab-and-haryana/article30686820.ece,India,Haryana,Yamunanagar,77.3303,30.2575,yellow+rust+crop+drop+yield+minimum+temperature+insecticides+humid+sub-mountainous,thehindu,5,yellow rust
21,29-01-20,https://www.thehindu.com/news/national/other-states/yellow-rust-in-wheat-crop-causes-alarm-in-punjab-and-haryana/article30686820.ece,India,Haryana,Panchkula,76.9585,30.7101,yellow+rust+crop+drop+yield+minimum+temperature+insecticides+humid+sub-mountainous,thehindu,5,yellow rust
22,29-01-20,https://www.tribuneindia.com/news/yellow-rust-attack-sets-off-alarm-bells-in-hry-32738,India,Haryana,Ambala,76.9661,30.3585,yellow+rust+cold+humid+bunt+fungal+diseases+damage+crop+stripe+loss+grain,tribuneindia,5,yellow rust
23,29-01-20,https://www.tribuneindia.com/news/yellow-rust-attack-sets-off-alarm-bells-in-hry-32738,India,Haryana,Yamunanagar,77.3303,30.2575,yellow+rust+cold+humid+bunt+fungal+diseases+damage+crop+stripe+loss+grain,tribuneindia,5,yellow rust
24,29-01-20,https://www.tribuneindia.com/news/jalandhar/be-vigilant-against-yellow-rust-in-wheat-farmers-told-33291,India,Punjab,Hoshiarpur,75.8446,31.6273,yellow+rust+airborne,tribuneindia,4,yellow rust
25,29-01-20,https://www.tribuneindia.com/news/jalandhar/be-vigilant-against-yellow-rust-in-wheat-farmers-told-33291,India,Punjab,Pathankot,75.6144,32.3027,yellow+rust+airborne,tribuneindia,4,yellow rust
26,29-01-20,https://www.urdupoint.com/en/pakistan/urgent-steps-needed-to-save-wheat-crop-from-r-819650.html,Pakistan,Punjab,Dera Ghazi Kha,70.2345,30.0733,wheat+yellow+rust+75 percent+varieties+adjacent areas,urdupoint,5,yellow rust
27,29-01-20,https://www.urdupoint.com/en/pakistan/urgent-steps-needed-to-save-wheat-crop-from-r-819650.html,Pakistan,Punjab,Rajan Pur,70.1625,29.1372,wheat+yellow+rust+75 percent+varieties+adjacent areas,urdupoint,5,yellow rust
28,30-01-20,https://timesofindia.indiatimes.com/city/gurgaon/yellow-rust-spotted-in-yamunanagar/articleshow/73767318.cms,India,Haryana,Yamunanagar,77.3303,30.2575,yellow+rust+wheat+three acres+hd-2967+third case,timesofindia,5,yellow rust
29,30-01-20,https://timesofindia.indiatimes.com/city/gurgaon/yellow-rust-spotted-in-yamunanagar/articleshow/73767318.cms,India,Haryana,Ambala,76.9661,30.3585,yellow+rust+wheat+three acres+hd-2967+third case,timesofindia,5,yellow rust
30,30-01-20,https://timesofindia.indiatimes.com/city/gurgaon/yellow-rust-spotted-in-yamunanagar/articleshow/73767318.cms,India,Haryana,Panchkula,76.9585,30.7101,yellow+rust+wheat+three acres+hd-2967+third case,timesofindia,5,yellow rust
31,30-01-20,https://timesofindia.indiatimes.com/city/gurgaon/yellow-rust-spotted-in-yamunanagar/articleshow/73767318.cms,India,Haryana,Kurukshetra,76.8297,30.0499,yellow+rust+wheat+three acres+hd-2967+third case,timesofindia,5,yellow rust
32,01-02-20,https://timesofindia.indiatimes.com/city/gurgaon/second-case-of-yellow-rust-reported/articleshow/73834557.cms,India,Haryana,Yamunanagar,77.3303,30.2575,yellow+rust+one acre+seven acres+shriram 231+variety+insecticides,indiatimes,5,yellow rust
33,04-02-20,https://krishijagran.com/agriculture-world/yellow-rust-incidence-in-wheat-in-haryana-punjab-raises-fear/,India,Punjab,Rupnagar,76.4728,31.0625,yellow+rust+wheat+drop+production+temperature+humid,krishijagran,6,yellow rust
34,04-02-20,https://krishijagran.com/agriculture-world/yellow-rust-incidence-in-wheat-in-haryana-punjab-raises-fear/,India,Punjab,Hoshiarpur,75.8446,31.6273,yellow+rust+wheat+drop+production+temperature+humid,krishijagran,6,yellow rust
35,04-02-20,https://krishijagran.com/agriculture-world/yellow-rust-incidence-in-wheat-in-haryana-punjab-raises-fear/,India,Punjab,Pathankot,75.6144,32.3027,yellow+rust+wheat+drop+production+temperature+humid,krishijagran,6,yellow rust
36,04-02-20,https://krishijagran.com/agriculture-world/yellow-rust-incidence-in-wheat-in-haryana-punjab-raises-fear/,India,Haryana,Panchkula,76.9585,30.7101,yellow+rust+wheat+drop+production+temperature+humid,krishijagran,6,yellow rust
37,04-02-20,https://krishijagran.com/agriculture-world/yellow-rust-incidence-in-wheat-in-haryana-punjab-raises-fear/,India,Haryana,Ambala,76.9661,30.3585,yellow+rust+wheat+drop+production+temperature+humid,krishijagran,6,yellow rust
38,04-02-20,https://krishijagran.com/agriculture-world/yellow-rust-incidence-in-wheat-in-haryana-punjab-raises-fear/,India,Haryana,Yamunanagar,77.3303,30.2575,yellow+rust+wheat+drop+production+temperature+humid,krishijagran,6,yellow rust
39,07-02-20,https://www.iiwbr.org/wp-content/uploads/2020/03/Wheat-Crop-Health-Newsletter-February-2020.pdf,India,Maharashtra,Satara,74.1811,17.6678,yellow rust + lowest temperature (7.8 degree C) + Highest temperature (31.2 degree C),iiwbr newsletter,6,yellow rust
40,09-02-20,https://www.tribuneindia.com/news/jalandhar/yellow-rust-hits-wheat-in-some-areas-of-dist-38653,India,Punjab,Jalandhar,75.5537,31.2138,yellow+rust+losses++yield+hd3086+wheat+variety,tribuneindia,6,yellow rust
41,09-02-20,https://www.tribuneindia.com/news/jalandhar/yellow-rust-hits-wheat-in-some-areas-of-dist-38653,India,Punjab,Hoshiarpur,75.8446,31.6273,yellow+rust+losses++yield+hd3086+wheat+variety,tribuneindia,6,yellow rust
42,09-02-20,https://www.tribuneindia.com/news/haryana/herbicide-overuse-could-cause-yellow-leaves-too-expert-38572,India,Haryana,Ambala,76.9661,30.3585,"herbicide+87,400 hectares+yellow+rust+8 acres",tribuneindia,6,yellow rust
43,10-02-20,https://www.iiwbr.org/wp-content/uploads/2020/03/Wheat-Crop-Health-Newsletter-February-2020.pdf,India,Jammu and Kashmir,Jammu,74.7319,32.7991,yellow rust + brown rust,iiwbr newsletter,7,yellow rust
44,11-02-20,https://timesofindia.indiatimes.com/city/chandigarh/karnals-first-case-of-yellow-rust-in-indri/articleshow/74071733.cms,India,Haryana,Karnal,76.8809,29.6969,nalvikhurd+village+fungal+disease+first+case+hd-2851+variety+propiconazole+yellow+rust+HD2851,indiatimes,7,yellow rust
45,11-02-20,https://timesofindia.indiatimes.com/city/chandigarh/karnals-first-case-of-yellow-rust-in-indri/articleshow/74071733.cms,India,Haryana,Ambala,76.9661,30.3585,nalvikhurd+village+fungal+disease+first+case+hd-2851+variety+propiconazole+yellow+rust+4 acres,indiatimes,7,yellow rust
46,11-02-20,https://timesofindia.indiatimes.com/city/chandigarh/karnals-first-case-of-yellow-rust-in-indri/articleshow/74071733.cms,India,Haryana,Panchkula,76.9585,30.7101,nalvikhurd+village+fungal+disease+first+case+hd-2851+variety+propiconazole+yellow+rust,indiatimes,7,yellow rust
47,11-02-20,https://timesofindia.indiatimes.com/city/chandigarh/karnals-first-case-of-yellow-rust-in-indri/articleshow/74071733.cms,India,Haryana,Kurukshetra,76.8297,30.0499,nalvikhurd+village+fungal+disease+first+case+hd-2851+variety+propiconazole+yellow+rust,indiatimes,7,yellow rust
48,11-02-20,https://timesofindia.indiatimes.com/city/chandigarh/karnals-first-case-of-yellow-rust-in-indri/articleshow/74071733.cms,India,Haryana,Yamunanagar,77.3303,30.2575,nalvikhurd+village+fungal+disease+first+case+hd-2851+variety+propiconazole+yellow+rust,indiatimes,7,yellow rust
49,11-02-20,https://www.iiwbr.org/wp-content/uploads/2020/03/Wheat-Crop-Health-Newsletter-February-2020.pdf,India,Himachal Pradesh,Kangra,76.3022,32.1103,yellow rust + propiconazole 0.1% + 15 days,iiwbr newsletter,7,yellow rust
50,13-02-20,https://www.tribuneindia.com/news/haryana/yellow-rust-detected-in-16-acres-in-yamunanagar-dist-41010,India,Haryana,Yamunanagar,77.3303,30.2575,yellow+rust+16-acres+hd 2967+sri ram-231+mughalwali+village+fungicide+propiconazole,tribuneindia,7,yellow rust
51,13-02-20,https://www.iiwbr.org/wp-content/uploads/2020/03/Wheat-Crop-Health-Newsletter-February-2020.pdf,India,Karnataka,Belgaum,74.8279,16.1178,stem rust + under rainfed + restricted irrigations,iiwbr newsletter,7,stem rust
52,14-02-20,https://ourbitcoinnews.com/wheat-crop-affected-by-yellow-rust-disease-center-team-revealed-after-inspection-wheat-crop-affected-by-yellow-rust-disease-in-many-parts-of-himachal-agricultural-experts-gave-this-advice/,India,Himachal Pradesh,Mandi,76.9779,31.6415,wheat+yellow+rust+propiconazole+1 liter lassi+40 liters water,ourbitcoinnews,7,yellow rust
53,14-02-20,https://ourbitcoinnews.com/wheat-crop-affected-by-yellow-rust-disease-center-team-revealed-after-inspection-wheat-crop-affected-by-yellow-rust-disease-in-many-parts-of-himachal-agricultural-experts-gave-this-advice/,India,Himachal Pradesh,Solan,76.8957,31.0466,wheat+yellow+rust+propiconazole+1 liter lassi+40 liters water,ourbitcoinnews,7,yellow rust
54,14-02-20,https://www.iiwbr.org/wp-content/uploads/2020/03/Wheat-Crop-Health-Newsletter-February-2020.pdf,India,Haryana,Yamunanagar,77.3303,30.2575,yellow rust + propiconazole 0.1% + 15 days,iiwbr newsletter,7,yellow rust
55,14-02-20,https://www.iiwbr.org/wp-content/uploads/2020/03/Wheat-Crop-Health-Newsletter-February-2020.pdf,India,Himachal Pradesh,Bilaspur,76.6576,31.3753,yellow rust + propiconazole 0.1% + 15 days,iiwbr newsletter,7,yellow rust
56,14-02-20,https://www.iiwbr.org/wp-content/uploads/2020/03/Wheat-Crop-Health-Newsletter-February-2020.pdf,India,Haryana,Ambala,76.9661,30.3585,yellow rust + propiconazole 0.1% + 15 days,iiwbr newsletter,7,yellow rust
57,14-02-20,https://www.iiwbr.org/wp-content/uploads/2020/03/Wheat-Crop-Health-Newsletter-February-2020.pdf,India,Himachal Pradesh,Kangra,76.3022,32.1103,yellow rust + propiconazole 0.1% + 15 days,iiwbr newsletter,7,yellow rust
58,18-02-20,https://www.tribuneindia.com/news/haryana/same-yellow-rust-pathogen-attacking-wheat-since-13-43140,India,Haryana,Karnal,76.8809,29.6969,yellow+rust+varieties+dbw-222+dbw-187+crop+pathogen+110S119+46S119+110S84,tribuneindia,8,yellow rust
59,18-02-20,https://www.tribuneindia.com/news/haryana/same-yellow-rust-pathogen-attacking-wheat-since-13-43140,India,Haryana,Ambala,76.9661,30.3585,yellow+rust+varieties+dbw-222+dbw-187+crop+pathogen+110S119+46S119+110S84,tribuneindia,8,yellow rust
60,18-02-20,https://www.tribuneindia.com/news/haryana/same-yellow-rust-pathogen-attacking-wheat-since-13-43140,India,Haryana,Yamunanagar,77.3303,30.2575,yellow+rust+varieties+dbw-222+dbw-187+crop+pathogen+110S119+46S119+110S84,tribuneindia,8,yellow rust
61,18-02-20,https://www.iiwbr.org/wp-content/uploads/2020/03/Wheat-Crop-Health-Newsletter-February-2020.pdf,India,Maharashtra,Ahmadnagar,74.6455,19.2332,leaf rust,iiwbr newsletter,8,leaf rust
62,18-02-20,https://www.iiwbr.org/wp-content/uploads/2020/03/Wheat-Crop-Health-Newsletter-February-2020.pdf,India,Maharashtra,Aurangabad,75.2759,20.0227,leaf rust,iiwbr newsletter,8,leaf rust
63,19-02-20,https://www.iiwbr.org/wp-content/uploads/2020/03/Wheat-Crop-Health-Newsletter-February-2020.pdf,India,Karnataka,Bagalkot,75.6265,16.218,stem rust + under rainfed + restricted irrigations,iiwbr newsletter,8,stem rust
64,21-02-20,https://www.tribuneindia.com/news/himachal/yellow-rust-a-threat-to-wheat-crop-in-mandi-kullu-45208,India,Himachal Pradesh,Kullu,77.3844,31.9078,yellow+rust+damage+wheat+propikonazol+one bigha,tribuneindia,8,yellow rust
65,21-02-20,https://www.tribuneindia.com/news/himachal/yellow-rust-a-threat-to-wheat-crop-in-mandi-kullu-45208,India,Himachal Pradesh,Mandi,76.9779,31.6415,yellow+rust+damage+wheat+propikonazol+one bigha,tribuneindia,8,yellow rust
66,25-02-20,https://www.iiwbr.org/wp-content/uploads/2020/03/Wheat-Crop-Health-Newsletter-February-2020.pdf,India,Maharashtra,Nashik,74.0778,20.26,leaf rust,iiwbr newsletter,9,leaf rust
67,25-02-20,https://www.iiwbr.org/wp-content/uploads/2020/03/Wheat-Crop-Health-Newsletter-February-2020.pdf,India,Karnataka,Dharwad,75.1563,15.3865,stem rust + under rainfed + restricted irrigations,iiwbr newsletter,9,stem rust
68,27-02-20,https://www.iiwbr.org/wp-content/uploads/2020/03/Wheat-Crop-Health-Newsletter-February-2020.pdf,India,Karnataka,Gadag,75.6667,15.4278,stem rust + under rainfed + restricted irrigations,iiwbr newsletter,9,stem rust
69,29-02-20,https://www.thenews.com.pk/print/621435-wheat-harvest-seen-down-1-5-million-tons-on-crop-disease,Pakistan,F.A.T.A.,Khyber,71.0608,33.9565,production+1.5 million+tons+less+rust+fungus+diseases+sindh+leaf+stem+stripe,thenews,9,"leaf, stem, stripe rust"
70,29-02-20,https://www.thenews.com.pk/print/621435-wheat-harvest-seen-down-1-5-million-tons-on-crop-disease,Pakistan,Punjab,Lahore,74.3541,31.4682,production+1.5 million+tons+less+rust+fungus+diseases+sindh+leaf+stem+stripe,thenews,9,"leaf, stem, stripe rust"
71,29-02-20,https://www.iiwbr.org/wp-content/uploads/2020/03/Wheat-Crop-Health-Newsletter-February-2020.pdf,India,Uttarakhand,Almora,79.489,29.6952,yellow rust + 7 ha + propiconazole 0.1% + 15 days,iiwbr newsletter,9,yellow rust
72,01-03-20,https://www.tribuneindia.com/news/himachal/yellow-rust-attacks-wheat-crop-in-kangra-una-dists-49547,India,Himachal Pradesh,Una,76.1957,31.5827,yellow+rust+shortage+pesticides+spray+tilt+fungicide+wheat,tribuneindia,9,yellow rust
73,01-03-20,https://www.tribuneindia.com/news/himachal/yellow-rust-attacks-wheat-crop-in-kangra-una-dists-49547,India,Himachal Pradesh,Kangra,76.3022,32.1103,yellow+rust+shortage+pesticides+spray+tilt+fungicide+wheat,tribuneindia,9,yellow rust
74,01-03-20,https://www.tribuneindia.com/news/himachal/yellow-rust-attacks-wheat-crop-in-kangra-una-dists-49547,India,Himachal Pradesh,Hamirpur,76.511,31.6705,yellow+rust+shortage+pesticides+spray+tilt+fungicide+wheat,tribuneindia,9,yellow rust
75,04-03-20,https://www.tribuneindia.com/news/haryana/yellow-rust-on-1-666-acres-in-ynagar-51171,India,Haryana,Yamunanagar,77.3303,30.2575,"yellow+rust+wheat+1,666 acres+drop+yield+310+293+268+259+247+175+114+cases+varieties+hd 2967+super 231+hd 3086+propiconazole+fungicide",tribuneindia,10,yellow rust
76,05-03-20,https://www.thenews.com.pk/print/623934-wheat-crisis,Pakistan,N.W.F.P.,Peshawar,71.5632,33.9747,wheat+production+rust+fungus+varieties,thenews,10,yellow rust
77,11-03-20,https://www.thenews.com.pk/print/627569-wheat-crop-under-yellow-rust-attack-in-south-punjab,Pakistan,Punjab,Dera Ghazi Kha,70.2345,30.0733,yellow+rust+all+districts+south+punjab+drop+yield+humidity+34 spots+12 spots+ 10 spots,thenews,11,yellow rust
78,11-03-20,https://www.thenews.com.pk/print/627569-wheat-crop-under-yellow-rust-attack-in-south-punjab,Pakistan,Punjab,Bahawalpur,71.7347,28.8124,yellow+rust+all+districts+south+punjab+drop+yield+humidity+34 spots+12 spots+ 10 spots,thenews,11,yellow rust
79,11-03-20,https://www.thenews.com.pk/print/627569-wheat-crop-under-yellow-rust-attack-in-south-punjab,Pakistan,Punjab,Multan,71.4102,29.8998,yellow+rust+all+districts+south+punjab+drop+yield+humidity+34 spots+12 spots+ 10 spots,thenews,11,yellow rust
80,29-03-20,https://www.dawn.com/news/1544568,Pakistan,Punjab,Chakwal,72.5062,32.8937,yellow+heavy+rains+cold+temperature+variety+rodi+leaf+stem+stripe+rust+potohor,dawn,13,"leaf, stem, stripe rust"
81,29-03-20,https://www.dawn.com/news/1544568,Pakistan,Punjab,Rawalpindi,73.1605,33.4749,yellow+heavy+rains+cold+temperature+variety+rodi+leaf+stem+stripe+rust+potohor,dawn,13,"leaf, stem, stripe rust"
82,29-03-20,https://www.dawn.com/news/1544568,Pakistan,Punjab,Jhelum,73.2739,32.8339,yellow+heavy+rains+cold+temperature+variety+rodi+leaf+stem+stripe+rust+potohor,dawn,13,"leaf, stem, stripe rust"
83,29-03-20,https://www.dawn.com/news/1544568,Pakistan,Punjab,Attok,72.2992,33.4835,yellow+heavy+rains+cold+temperature+variety+rodi+leaf+stem+stripe+rust+potohor,dawn,13,"leaf, stem, stripe rust"
84,29-03-20,https://www.dawn.com/news/1544568,Pakistan,Punjab,Gujranwala,73.9569,32.3293,yellow+heavy+rains+cold+temperature+variety+rodi+leaf+stem+stripe+rust+potohor,dawn,13,"leaf, stem, stripe rust"
85,29-03-20,https://www.dawn.com/news/1544568,Pakistan,Punjab,Sialkot,74.494,32.4301,yellow+heavy+rains+cold+temperature+variety+rodi+leaf+stem+stripe+rust+potohor,dawn,13,"leaf, stem, stripe rust"
86,31-03-20,https://www.tribuneindia.com/news/bathinda/farmers-a-harried-lot-amid-yellow-rust-attack-63489,India,Punjab,Bathinda,75.03,30.1841,yellow+rust+villages+leaf+blade+stripes+spikes+loss+grains+bhaini bhaga+20 acres,tribuneindia,14,yellow rust
87,24-05-20,https://www.dawn.com/news/1559230/fungal-disease-damages-wheat-crop-in-chitral-areas,Pakistan,N.W.F.P.,Chitral,72.2366,36.2275,fungal+disease+leaves+orange-yellowish+yellow+rust+excessive+rains,dawn,21,yellow rust
88,20-01-21,https://krishijagran.com/crop-care/yellow-rust-reported-in-wheat-crop-district-kurukshetra-state-of-haryana-india/,India,Haryana,Kurukshetra,76.8297,30.0499,yellow+rust+acre+spread+stripe+pesticides+fungicides,krishijagran,3,yellow rust
89,20-01-21,https://www.tribuneindia.com/news/haryana/yellow-rust-reported-in-kurukshetra-200860,India,Haryana,Kurukshetra,76.8287,30.0489,yellow+rust+acre+spread+stripe+pesticides+fungicides,tribuneindia,3,yellow rust
90,24-01-21,http://www.uniindia.com/icy-cool-winds-blow-amid-scattered-clouds-in-hamirpur/north/news/2300525.html,India,Himachal Pradesh,Hamirpur,76.511,31.6705,yellow+rust+pesticides+wheat,uniindia,3,yellow rust
91,29-01-21,https://www.tribuneindia.com/news/jalandhar/monitor-wheat-crop-regularly-says-expert-205329,India,Punjab,Hoshiarpur,75.8446,31.6273,yellow+rust+long+stripes+200gms+caviat+120gms+nativo+200ml+opera+200ml+propiconazole,tribuneindia,4,yellow rust
92,12-02-21,https://iiwbr.icar.gov.in/wp-content/uploads/2021/03/Wheat-Crop-Health-Newsletter-February-2021.pdf,India,Bihar,Bhagalpur,87.006223,25.241735,leaf rust,iiwbr newsletter,6,leaf rust
93,17-02-21,https://iiwbr.icar.gov.in/wp-content/uploads/2021/03/Wheat-Crop-Health-Newsletter-February-2021.pdf,India,Himachal Pradesh,Kangra,76.3022,32.1103,yellow rust,iiwbr newsletter,7,yellow rust
94,17-02-21,https://iiwbr.icar.gov.in/wp-content/uploads/2021/03/Wheat-Crop-Health-Newsletter-February-2021.pdf,India,Himachal Pradesh,Kangra,76.3022,32.1103,yellow rust,iiwbr newsletter,7,yellow rust
95,17-02-21,https://iiwbr.icar.gov.in/wp-content/uploads/2021/03/Wheat-Crop-Health-Newsletter-February-2021.pdf,India,Himachal Pradesh,Kangra,76.3022,32.1103,yellow rust,iiwbr newsletter,7,yellow rust
96,24-02-21,https://iiwbr.icar.gov.in/wp-content/uploads/2021/03/Wheat-Crop-Health-Newsletter-February-2021.pdf,India,Maharashtra,Nashik,73.933338,20.170055,leaf rust,iiwbr newsletter,8,leaf rust
97,24-02-21,https://iiwbr.icar.gov.in/wp-content/uploads/2021/03/Wheat-Crop-Health-Newsletter-February-2021.pdf,India,Maharashtra,Palghar,73.862184,20.35283,leaf rust,iiwbr newsletter,8,leaf rust
98,25-02-21,https://iiwbr.icar.gov.in/wp-content/uploads/2021/03/Wheat-Crop-Health-Newsletter-February-2021.pdf,India,Jammu and Kashmir,Jammu,74.856796,32.725823,yellow rust,iiwbr newsletter,8,yellow rust
99,25-02-21,https://iiwbr.icar.gov.in/wp-content/uploads/2021/03/Wheat-Crop-Health-Newsletter-February-2021.pdf,India,Jammu and Kashmir,Samba,75.104204,32.554284,yellow rust,iiwbr newsletter,8,yellow rust
100,28-02-21,https://www.tribuneindia.com/news/haryana/increase-in-temperature-may-affect-wheat-yield-experts-218495,India,Haryana,Ambala,76.9661,30.3585,yellow+rust+2.5 acre+propiconazole,tribuneindia,8,yellow rust
101,22-12-21,https://iiwbr.icar.gov.in/wp-content/uploads/2022/01/Wheat-Crop-Health-Newsletter-December-2021.pdf,India,Karnataka,Dharwad,75.1563,15.3865,leaf rust,iiwbr newsletter,51,leaf rust
102,22-12-21,https://iiwbr.icar.gov.in/wp-content/uploads/2022/01/Wheat-Crop-Health-Newsletter-December-2021.pdf,India,Karnataka,Belgaum,74.8279,16.1178,leaf rust,iiwbr newsletter,51,leaf rust
103,03-01-22,https://iiwbr.icar.gov.in/wp-content/uploads/2022/02/Wheat-Health-Newsletter-Jan-2022.pdf,India,Maharashtra,Pune,74.0766,18.5705,leaf rust,iiwbr newsletter,2,leaf rust
104,14-01-22,https://iiwbr.icar.gov.in/wp-content/uploads/2022/02/Wheat-Health-Newsletter-Jan-2022.pdf,India,Punjab,Rupnagar,76.4728,31.0625,yellow+rust+HD2967+HD3086,iiwbr newsletter,2,yellow rust
105,20-01-22,https://iiwbr.icar.gov.in/wp-content/uploads/2022/02/Wheat-Health-Newsletter-Jan-2022.pdf,India,Himachal Pradesh,Kangra,76.3022,32.1103,yellow+rust+HPW368+PBW343+HD3226+low+intensity,iiwbr newsletter,3,yellow rust
106,24-01-22,https://iiwbr.icar.gov.in/wp-content/uploads/2022/02/Wheat-Health-Newsletter-Jan-2022.pdf,India,Maharashtra,Nashik,74.0778,20.26,leaf+rust,iiwbr newsletter,4,leaf rust
107,24-01-22,https://iiwbr.icar.gov.in/wp-content/uploads/2022/02/Wheat-Health-Newsletter-Jan-2022.pdf,India,Maharashtra,Ahmadnagar,74.6455,19.2332,leaf+rust+Agra+local+lalbahadur,iiwbr newsletter,4,leaf rust
108,24-01-22,https://iiwbr.icar.gov.in/wp-content/uploads/2022/02/Wheat-Health-Newsletter-Jan-2022.pdf,India,Maharashtra,Satara,74.1811,17.6678,leaf+rust+Agra+local+lalbahadur,iiwbr newsletter,4,leaf rust
109,05-02-22,https://www.thenews.com.pk/print/930954-experts-warn-of-disease-attack-on-wheat-crop,Pakistan,Punjab,Multan,71.4102,29.8998,rust+yellow+black+rust+stemps+brown,thenews,5,stem rust
110,08-02-22,https://www.thenews.com.pk/print/931720-premature-rust-attack-may-worsen-punjab-wheat-woes,Pakistan,Punjab,Muzaffargarh,71.0286,30.0257,brown+leaf+yellow+stripe+rust+Anaj-2017+ Abdul Sattar 2002+Fakhr-e-Bhakhar+Faisalabad-2008+Akbar-2019+TD-1+Shafaq-2006.,thenews,6,"leaf, yellow rust"
111,08-02-22,https://www.thenews.com.pk/print/931720-premature-rust-attack-may-worsen-punjab-wheat-woes,Pakistan,Punjab,Rajanpur,70.1625,29.1372,brown+leaf+yellow+stripe+rust+Anaj-2017+ Abdul Sattar 2002+Fakhr-e-Bhakhar+Faisalabad-2008+Akbar-2019+TD-1+Shafaq-2006.,thenews,6,"leaf, yellow rust"
112,08-02-22,https://www.thenews.com.pk/print/931720-premature-rust-attack-may-worsen-punjab-wheat-woes,Pakistan,Punjab,Bahawalpur,71.7347,28.8124,brown+leaf+yellow+stripe+rust+Anaj-2017+ Abdul Sattar 2002+Fakhr-e-Bhakhar+Faisalabad-2008+Akbar-2019+TD-1+Shafaq-2006.,thenews,6,"leaf, yellow rust"
113,08-02-22,https://www.thenews.com.pk/print/931720-premature-rust-attack-may-worsen-punjab-wheat-woes,Pakistan,Punjab,Dera Ghazi Kha,70.2345,30.0733,brown+leaf+yellow+stripe+rust+Anaj-2017+ Abdul Sattar 2002+Fakhr-e-Bhakhar+Faisalabad-2008+Akbar-2019+TD-1+Shafaq-2006.,thenews,6,"leaf, yellow rust"
114,08-02-22,https://www.thenews.com.pk/print/931720-premature-rust-attack-may-worsen-punjab-wheat-woes,Pakistan,Punjab,Rahimyar Khan,70.5129,28.3981,brown+leaf+yellow+stripe+rust+Anaj-2017+ Abdul Sattar 2002+Fakhr-e-Bhakhar+Faisalabad-2008+Akbar-2019+TD-1+Shafaq-2006.,thenews,6,"leaf, yellow rust"
115,11-02-22,https://www.researchgate.net/publication/359199389_Wheat_Crop_Health_Newsletter_February_2022_Volume_2741-8,India,Himachal Pradesh,Kangra,76.3022,32.1103,HD2967,iiwbr newsletter,6,yellow rust
116,14-02-22,https://www.dawn.com/news/1674952,Pakistan,Punjab,Bahawalpur,71.7347,28.8124,rust+attack,dawn,7,not specified
117,14-02-22,https://www.dawn.com/news/1674952,Pakistan,Punjab,Khanewal,72.0159,30.3563,rust+attack,dawn,7,not specified
118,14-02-22,https://www.dawn.com/news/1674952,Pakistan,Punjab,Bahawalnagar,73.0632,29.6429,rust+attack,dawn,7,not specified
119,16-02-22,https://www.researchgate.net/publication/359199389_Wheat_Crop_Health_Newsletter_February_2022_Volume_2741-8,India,Maharashtra,Dhule,74.605,21.1115,No Info,iiwbr newsletter,7,leaf rust
120,17-02-22,https://www.researchgate.net/publication/359199389_Wheat_Crop_Health_Newsletter_February_2022_Volume_2741-8,India,Haryana,Yamunanagar,77.3303,30.2575,HD2967+SW-23(Syngenta),iiwbr newsletter,7,yellow rust
121,17-02-22,https://www.researchgate.net/publication/359199389_Wheat_Crop_Health_Newsletter_February_2022_Volume_2741-8,India,Himachal Pradesh,Kangra,76.3022,32.1103,No Info,iiwbr newsletter,7,yellow rust
122,20-02-22,https://www.tribuneindia.com/news/haryana/first-case-of-yellow-rust-found-in-yamunanagar-village-371427,India,Haryana,Yamunanagar,77.3303,30.2575,yellow+rust+mamil+village,tribuneindia,7,yellow rust
123,22-02-22,https://www.tribuneindia.com/news/haryana/yellow-rust-scare-jandhera-farmers-told-to-be-vigilant-372239,India,Haryana,Kurukshetra,76.8297,30.0499,yellow+rust+an+acre+propiconazole,tribuneindia,8,yellow rust
124,22-02-22,https://www.tribuneindia.com/news/punjab/prolonged-cold-wave-to-boost-wheat-yield-experts-372843,India,Punjab,Moga,75.158,30.7671,yellow+rust+1-2 quintals+HD2967+HD3086+fungicides,tribuneindia,8,yellow rust
125,22-02-22,https://www.tribuneindia.com/news/punjab/prolonged-cold-wave-to-boost-wheat-yield-experts-372843,India,Punjab,Rupnagar,76.4728,31.0625,yellow+rust+1-2 quintals+HD2967+HD3086+fungicides,tribuneindia,8,yellow rust
126,23-02-22,https://www.researchgate.net/publication/359199389_Wheat_Crop_Health_Newsletter_February_2022_Volume_2741-8,India,Madhya Pradesh,Dewas,76.4543,22.7485,Local variety,iiwbr newsletter,8,leaf rust
127,25-02-22,https://www.researchgate.net/publication/359199389_Wheat_Crop_Health_Newsletter_February_2022_Volume_2741-8,India,Himachal Pradesh,Kangra,76.3022,32.1103,UP 2380+HD3086,iiwbr newsletter,8,yellow rust
128,26-02-22,https://www.researchgate.net/publication/359199389_Wheat_Crop_Health_Newsletter_February_2022_Volume_2741-8,India,Haryana,Karnal,76.8809,29.6969,No Info,iiwbr newsletter,8,yellow rust
129,26-02-22,https://www.researchgate.net/publication/359199389_Wheat_Crop_Health_Newsletter_February_2022_Volume_2741-8,India,Punjab,Rupnagar,76.4728,31.0625,HD2967+HD3086+HD3226+DBW187+DBW222+Barbat+Shri Ram 272,iiwbr newsletter,8,yellow rust
130,28-02-22,https://www.researchgate.net/publication/359199389_Wheat_Crop_Health_Newsletter_February_2022_Volume_2741-8,India,Maharashtra,Pune,74.0766,18.5705,Local variety,iiwbr newsletter,9,leaf rust
131,28-02-22,https://www.researchgate.net/publication/359199389_Wheat_Crop_Health_Newsletter_February_2022_Volume_2741-8,India,Maharashtra,Ahmadnagar,74.6455,19.2332,Local variety,iiwbr newsletter,9,leaf rust
132,28-02-22,https://www.researchgate.net/publication/359199389_Wheat_Crop_Health_Newsletter_February_2022_Volume_2741-8,India,Maharashtra,Nashik,74.0778,20.26,Local variety,iiwbr newsletter,9,leaf rust
133,28-02-22,https://www.researchgate.net/publication/359199389_Wheat_Crop_Health_Newsletter_February_2022_Volume_2741-8,India,Maharashtra,Dhule,74.605,21.1115,Local variety,iiwbr newsletter,9,leaf rust
134,28-02-22,https://www.researchgate.net/publication/359199389_Wheat_Crop_Health_Newsletter_February_2022_Volume_2741-8,India,Maharashtra,Jalgaon,75.4913,20.9374,Local variety,iiwbr newsletter,9,leaf rust
135,28-02-22,https://www.researchgate.net/publication/359199389_Wheat_Crop_Health_Newsletter_February_2022_Volume_2741-8,India,Maharashtra,Aurangabad,75.2759,20.0227,Local variety,iiwbr newsletter,9,leaf rust
136,28-02-22,https://www.researchgate.net/publication/359199389_Wheat_Crop_Health_Newsletter_February_2022_Volume_2741-8,India,Maharashtra,Solapur,75.4852,17.7888,Local variety,iiwbr newsletter,9,leaf rust
